participant,trial_number,stimulus,trial_type,target_trial,surveillance_correct_response
114,1,stimuli/target1_5.jpg,target,TRUE,space
114,2,stimuli/filler9.jpg,filler,FALSE,None
114,3,stimuli/filler1.jpg,filler,FALSE,None
114,4,stimuli/filler5.jpg,filler,FALSE,None
114,5,stimuli/filler44.jpg,filler,FALSE,None
114,6,stimuli/filler11.jpg,filler,FALSE,None
114,7,stimuli/filler13.jpg,filler,FALSE,None
114,8,stimuli/filler7.jpg,filler,FALSE,None
114,9,stimuli/filler3.jpg,filler,FALSE,None
114,10,stimuli/blank.jpg,blank,FALSE,None
114,11,stimuli/cs1_pos19.jpg,CSUS,FALSE,None
114,12,stimuli/blank.jpg,blank,FALSE,None
114,13,stimuli/filler33.jpg,filler,FALSE,None
114,14,stimuli/filler36.jpg,filler,FALSE,None
114,15,stimuli/filler25.jpg,filler,FALSE,None
114,16,stimuli/filler20.jpg,filler,FALSE,None
114,17,stimuli/target1_4.jpg,target,TRUE,space
114,18,stimuli/filler4.jpg,filler,FALSE,None
114,19,stimuli/target1_7.jpg,target,TRUE,space
114,20,stimuli/blank.jpg,blank,FALSE,None
114,21,stimuli/cs2_neg2.jpg,CSUS,FALSE,None
114,22,stimuli/blank.jpg,blank,FALSE,None
114,23,stimuli/target1_8.jpg,target,TRUE,space
114,24,stimuli/filler34.jpg,filler,FALSE,None
114,25,stimuli/filler45.jpg,filler,FALSE,None
114,26,stimuli/target1_10.jpg,target,TRUE,space
114,27,stimuli/filler21.jpg,filler,FALSE,None
114,28,stimuli/filler8.jpg,filler,FALSE,None
114,29,stimuli/filler28.jpg,filler,FALSE,None
114,30,stimuli/blank.jpg,blank,FALSE,None
114,31,stimuli/cs1_pos20.jpg,CSUS,FALSE,None
114,32,stimuli/blank.jpg,blank,FALSE,None
114,33,stimuli/filler17.jpg,filler,FALSE,None
114,34,stimuli/filler41.jpg,filler,FALSE,None
114,35,stimuli/target1_6.jpg,target,TRUE,space
114,36,stimuli/filler10.jpg,filler,FALSE,None
114,37,stimuli/filler40.jpg,filler,FALSE,None
114,38,stimuli/filler32.jpg,filler,FALSE,None
114,39,stimuli/filler31.jpg,filler,FALSE,None
114,40,stimuli/blank.jpg,blank,FALSE,None
114,41,stimuli/cs2_neg18.jpg,CSUS,FALSE,None
114,42,stimuli/blank.jpg,blank,FALSE,None
114,43,stimuli/filler46.jpg,filler,FALSE,None
114,44,stimuli/filler12.jpg,filler,FALSE,None
114,45,stimuli/filler24.jpg,filler,FALSE,None
114,46,stimuli/filler49.jpg,filler,FALSE,None
114,47,stimuli/filler27.jpg,filler,FALSE,None
114,48,stimuli/filler19.jpg,filler,FALSE,None
114,49,stimuli/filler38.jpg,filler,FALSE,None
114,50,stimuli/blank.jpg,blank,FALSE,None
114,51,stimuli/cs1_pos1.jpg,CSUS,FALSE,None
114,52,stimuli/blank.jpg,blank,FALSE,None
114,53,stimuli/target1_2.jpg,target,TRUE,space
114,54,stimuli/filler52.jpg,filler,FALSE,None
114,55,stimuli/filler18.jpg,filler,FALSE,None
114,56,stimuli/filler2.jpg,filler,FALSE,None
114,57,stimuli/filler39.jpg,filler,FALSE,None
114,58,stimuli/filler50.jpg,filler,FALSE,None
114,59,stimuli/target1_1.jpg,target,TRUE,space
114,60,stimuli/blank.jpg,blank,FALSE,None
114,61,stimuli/cs2_neg10.jpg,CSUS,FALSE,None
114,62,stimuli/blank.jpg,blank,FALSE,None
114,63,stimuli/filler43.jpg,filler,FALSE,None
114,64,stimuli/filler29.jpg,filler,FALSE,None
114,65,stimuli/filler35.jpg,filler,FALSE,None
114,66,stimuli/filler14.jpg,filler,FALSE,None
114,67,stimuli/filler37.jpg,filler,FALSE,None
114,68,stimuli/filler48.jpg,filler,FALSE,None
114,69,stimuli/target1_3.jpg,target,TRUE,space
114,70,stimuli/blank.jpg,blank,FALSE,None
114,71,stimuli/cs1_pos6.jpg,CSUS,FALSE,None
114,72,stimuli/blank.jpg,blank,FALSE,None
114,73,stimuli/filler51.jpg,filler,FALSE,None
114,74,stimuli/filler6.jpg,filler,FALSE,None
114,75,stimuli/filler47.jpg,filler,FALSE,None
114,76,stimuli/filler42.jpg,filler,FALSE,None
114,77,stimuli/filler22.jpg,filler,FALSE,None
114,78,stimuli/target1_9.jpg,target,TRUE,space
114,79,stimuli/filler16.jpg,filler,FALSE,None
114,80,stimuli/blank.jpg,blank,FALSE,None
114,81,stimuli/cs2_neg13.jpg,CSUS,FALSE,None
114,82,stimuli/blank.jpg,blank,FALSE,None
114,83,stimuli/filler26.jpg,filler,FALSE,None
114,84,stimuli/filler30.jpg,filler,FALSE,None
114,85,stimuli/filler15.jpg,filler,FALSE,None
114,86,stimuli/filler23.jpg,filler,FALSE,None
