participant,trial_number,stimulus,trial_type,target_trial,surveillance_correct_response
110,1,stimuli/filler45.jpg,filler,FALSE,None
110,2,stimuli/filler33.jpg,filler,FALSE,None
110,3,stimuli/filler14.jpg,filler,FALSE,None
110,4,stimuli/filler16.jpg,filler,FALSE,None
110,5,stimuli/filler28.jpg,filler,FALSE,None
110,6,stimuli/filler38.jpg,filler,FALSE,None
110,7,stimuli/filler46.jpg,filler,FALSE,None
110,8,stimuli/filler43.jpg,filler,FALSE,None
110,9,stimuli/filler26.jpg,filler,FALSE,None
110,10,stimuli/blank.jpg,blank,FALSE,None
110,11,stimuli/cs1_neg4.jpg,CSUS,FALSE,None
110,12,stimuli/blank.jpg,blank,FALSE,None
110,13,stimuli/filler5.jpg,filler,FALSE,None
110,14,stimuli/filler13.jpg,filler,FALSE,None
110,15,stimuli/filler44.jpg,filler,FALSE,None
110,16,stimuli/filler3.jpg,filler,FALSE,None
110,17,stimuli/target4_1.jpg,target,TRUE,space
110,18,stimuli/target4_8.jpg,target,TRUE,space
110,19,stimuli/filler42.jpg,filler,FALSE,None
110,20,stimuli/blank.jpg,blank,FALSE,None
110,21,stimuli/cs2_pos19.jpg,CSUS,FALSE,None
110,22,stimuli/blank.jpg,blank,FALSE,None
110,23,stimuli/filler35.jpg,filler,FALSE,None
110,24,stimuli/filler8.jpg,filler,FALSE,None
110,25,stimuli/filler19.jpg,filler,FALSE,None
110,26,stimuli/filler12.jpg,filler,FALSE,None
110,27,stimuli/target4_2.jpg,target,TRUE,space
110,28,stimuli/target4_3.jpg,target,TRUE,space
110,29,stimuli/filler51.jpg,filler,FALSE,None
110,30,stimuli/blank.jpg,blank,FALSE,None
110,31,stimuli/cs1_neg20.jpg,CSUS,FALSE,None
110,32,stimuli/blank.jpg,blank,FALSE,None
110,33,stimuli/filler9.jpg,filler,FALSE,None
110,34,stimuli/filler32.jpg,filler,FALSE,None
110,35,stimuli/filler27.jpg,filler,FALSE,None
110,36,stimuli/filler31.jpg,filler,FALSE,None
110,37,stimuli/filler41.jpg,filler,FALSE,None
110,38,stimuli/filler10.jpg,filler,FALSE,None
110,39,stimuli/filler22.jpg,filler,FALSE,None
110,40,stimuli/blank.jpg,blank,FALSE,None
110,41,stimuli/cs2_pos14.jpg,CSUS,FALSE,None
110,42,stimuli/blank.jpg,blank,FALSE,None
110,43,stimuli/filler2.jpg,filler,FALSE,None
110,44,stimuli/filler50.jpg,filler,FALSE,None
110,45,stimuli/filler48.jpg,filler,FALSE,None
110,46,stimuli/filler36.jpg,filler,FALSE,None
110,47,stimuli/filler37.jpg,filler,FALSE,None
110,48,stimuli/target4_5.jpg,target,TRUE,space
110,49,stimuli/filler6.jpg,filler,FALSE,None
110,50,stimuli/blank.jpg,blank,FALSE,None
110,51,stimuli/cs1_neg8.jpg,CSUS,FALSE,None
110,52,stimuli/blank.jpg,blank,FALSE,None
110,53,stimuli/filler21.jpg,filler,FALSE,None
110,54,stimuli/filler47.jpg,filler,FALSE,None
110,55,stimuli/filler15.jpg,filler,FALSE,None
110,56,stimuli/target4_6.jpg,target,TRUE,space
110,57,stimuli/filler25.jpg,filler,FALSE,None
110,58,stimuli/filler17.jpg,filler,FALSE,None
110,59,stimuli/target4_7.jpg,target,TRUE,space
110,60,stimuli/blank.jpg,blank,FALSE,None
110,61,stimuli/cs2_pos13.jpg,CSUS,FALSE,None
110,62,stimuli/blank.jpg,blank,FALSE,None
110,63,stimuli/filler49.jpg,filler,FALSE,None
110,64,stimuli/filler24.jpg,filler,FALSE,None
110,65,stimuli/filler40.jpg,filler,FALSE,None
110,66,stimuli/filler23.jpg,filler,FALSE,None
110,67,stimuli/filler1.jpg,filler,FALSE,None
110,68,stimuli/filler7.jpg,filler,FALSE,None
110,69,stimuli/filler39.jpg,filler,FALSE,None
110,70,stimuli/blank.jpg,blank,FALSE,None
110,71,stimuli/cs1_neg11.jpg,CSUS,FALSE,None
110,72,stimuli/blank.jpg,blank,FALSE,None
110,73,stimuli/filler30.jpg,filler,FALSE,None
110,74,stimuli/filler34.jpg,filler,FALSE,None
110,75,stimuli/filler20.jpg,filler,FALSE,None
110,76,stimuli/filler52.jpg,filler,FALSE,None
110,77,stimuli/filler18.jpg,filler,FALSE,None
110,78,stimuli/target4_9.jpg,target,TRUE,space
110,79,stimuli/target4_10.jpg,target,TRUE,space
110,80,stimuli/blank.jpg,blank,FALSE,None
110,81,stimuli/cs2_pos8.jpg,CSUS,FALSE,None
110,82,stimuli/blank.jpg,blank,FALSE,None
110,83,stimuli/target4_4.jpg,target,TRUE,space
110,84,stimuli/filler4.jpg,filler,FALSE,None
110,85,stimuli/filler11.jpg,filler,FALSE,None
110,86,stimuli/filler29.jpg,filler,FALSE,None
