participant,trial_number,stimulus,trial_type,target_trial,surveillance_correct_response
100,1,stimuli/filler32.jpg,filler,FALSE,None
100,2,stimuli/filler22.jpg,filler,FALSE,None
100,3,stimuli/filler51.jpg,filler,FALSE,None
100,4,stimuli/filler20.jpg,filler,FALSE,None
100,5,stimuli/target4_2.jpg,target,TRUE,space
100,6,stimuli/filler42.jpg,filler,FALSE,None
100,7,stimuli/filler7.jpg,filler,FALSE,None
100,8,stimuli/filler39.jpg,filler,FALSE,None
100,9,stimuli/filler25.jpg,filler,FALSE,None
100,10,stimuli/blank.jpg,blank,FALSE,None
100,11,stimuli/cs1_neg10.jpg,CSUS,FALSE,None
100,12,stimuli/blank.jpg,blank,FALSE,None
100,13,stimuli/filler18.jpg,filler,FALSE,None
100,14,stimuli/filler26.jpg,filler,FALSE,None
100,15,stimuli/filler35.jpg,filler,FALSE,None
100,16,stimuli/filler28.jpg,filler,FALSE,None
100,17,stimuli/filler46.jpg,filler,FALSE,None
100,18,stimuli/filler16.jpg,filler,FALSE,None
100,19,stimuli/filler45.jpg,filler,FALSE,None
100,20,stimuli/blank.jpg,blank,FALSE,None
100,21,stimuli/cs2_pos2.jpg,CSUS,FALSE,None
100,22,stimuli/blank.jpg,blank,FALSE,None
100,23,stimuli/filler17.jpg,filler,FALSE,None
100,24,stimuli/filler41.jpg,filler,FALSE,None
100,25,stimuli/filler23.jpg,filler,FALSE,None
100,26,stimuli/filler49.jpg,filler,FALSE,None
100,27,stimuli/filler47.jpg,filler,FALSE,None
100,28,stimuli/filler50.jpg,filler,FALSE,None
100,29,stimuli/filler40.jpg,filler,FALSE,None
100,30,stimuli/blank.jpg,blank,FALSE,None
100,31,stimuli/cs1_neg12.jpg,CSUS,FALSE,None
100,32,stimuli/blank.jpg,blank,FALSE,None
100,33,stimuli/filler3.jpg,filler,FALSE,None
100,34,stimuli/filler5.jpg,filler,FALSE,None
100,35,stimuli/target4_6.jpg,target,TRUE,space
100,36,stimuli/filler15.jpg,filler,FALSE,None
100,37,stimuli/filler34.jpg,filler,FALSE,None
100,38,stimuli/filler38.jpg,filler,FALSE,None
100,39,stimuli/filler43.jpg,filler,FALSE,None
100,40,stimuli/blank.jpg,blank,FALSE,None
100,41,stimuli/cs2_pos11.jpg,CSUS,FALSE,None
100,42,stimuli/blank.jpg,blank,FALSE,None
100,43,stimuli/filler37.jpg,filler,FALSE,None
100,44,stimuli/filler2.jpg,filler,FALSE,None
100,45,stimuli/filler9.jpg,filler,FALSE,None
100,46,stimuli/filler8.jpg,filler,FALSE,None
100,47,stimuli/filler4.jpg,filler,FALSE,None
100,48,stimuli/filler19.jpg,filler,FALSE,None
100,49,stimuli/target4_7.jpg,target,TRUE,space
100,50,stimuli/blank.jpg,blank,FALSE,None
100,51,stimuli/cs1_neg9.jpg,CSUS,FALSE,None
100,52,stimuli/blank.jpg,blank,FALSE,None
100,53,stimuli/filler33.jpg,filler,FALSE,None
100,54,stimuli/target4_9.jpg,target,TRUE,space
100,55,stimuli/filler11.jpg,filler,FALSE,None
100,56,stimuli/target4_1.jpg,target,TRUE,space
100,57,stimuli/filler48.jpg,filler,FALSE,None
100,58,stimuli/target4_8.jpg,target,TRUE,space
100,59,stimuli/filler30.jpg,filler,FALSE,None
100,60,stimuli/blank.jpg,blank,FALSE,None
100,61,stimuli/cs2_pos9.jpg,CSUS,FALSE,None
100,62,stimuli/blank.jpg,blank,FALSE,None
100,63,stimuli/target4_10.jpg,target,TRUE,space
100,64,stimuli/filler6.jpg,filler,FALSE,None
100,65,stimuli/target4_5.jpg,target,TRUE,space
100,66,stimuli/filler29.jpg,filler,FALSE,None
100,67,stimuli/filler12.jpg,filler,FALSE,None
100,68,stimuli/filler21.jpg,filler,FALSE,None
100,69,stimuli/filler13.jpg,filler,FALSE,None
100,70,stimuli/blank.jpg,blank,FALSE,None
100,71,stimuli/cs1_neg6.jpg,CSUS,FALSE,None
100,72,stimuli/blank.jpg,blank,FALSE,None
100,73,stimuli/filler31.jpg,filler,FALSE,None
100,74,stimuli/filler27.jpg,filler,FALSE,None
100,75,stimuli/filler1.jpg,filler,FALSE,None
100,76,stimuli/filler24.jpg,filler,FALSE,None
100,77,stimuli/filler36.jpg,filler,FALSE,None
100,78,stimuli/filler52.jpg,filler,FALSE,None
100,79,stimuli/target4_4.jpg,target,TRUE,space
100,80,stimuli/blank.jpg,blank,FALSE,None
100,81,stimuli/cs2_pos17.jpg,CSUS,FALSE,None
100,82,stimuli/blank.jpg,blank,FALSE,None
100,83,stimuli/filler44.jpg,filler,FALSE,None
100,84,stimuli/target4_3.jpg,target,TRUE,space
100,85,stimuli/filler14.jpg,filler,FALSE,None
100,86,stimuli/filler10.jpg,filler,FALSE,None
