participant,trial_number,stimulus,trial_type,target_trial,surveillance_correct_response
102,1,stimuli/filler21.jpg,filler,FALSE,None
102,2,stimuli/filler32.jpg,filler,FALSE,None
102,3,stimuli/filler5.jpg,filler,FALSE,None
102,4,stimuli/filler10.jpg,filler,FALSE,None
102,5,stimuli/filler46.jpg,filler,FALSE,None
102,6,stimuli/filler16.jpg,filler,FALSE,None
102,7,stimuli/filler42.jpg,filler,FALSE,None
102,8,stimuli/filler13.jpg,filler,FALSE,None
102,9,stimuli/target1_6.jpg,target,TRUE,space
102,10,stimuli/blank.jpg,blank,FALSE,None
102,11,stimuli/cs1_neg9.jpg,CSUS,FALSE,None
102,12,stimuli/blank.jpg,blank,FALSE,None
102,13,stimuli/filler49.jpg,filler,FALSE,None
102,14,stimuli/filler6.jpg,filler,FALSE,None
102,15,stimuli/filler20.jpg,filler,FALSE,None
102,16,stimuli/target1_10.jpg,target,TRUE,space
102,17,stimuli/filler33.jpg,filler,FALSE,None
102,18,stimuli/target1_2.jpg,target,TRUE,space
102,19,stimuli/filler36.jpg,filler,FALSE,None
102,20,stimuli/blank.jpg,blank,FALSE,None
102,21,stimuli/cs2_pos4.jpg,CSUS,FALSE,None
102,22,stimuli/blank.jpg,blank,FALSE,None
102,23,stimuli/filler52.jpg,filler,FALSE,None
102,24,stimuli/filler2.jpg,filler,FALSE,None
102,25,stimuli/filler14.jpg,filler,FALSE,None
102,26,stimuli/filler43.jpg,filler,FALSE,None
102,27,stimuli/filler30.jpg,filler,FALSE,None
102,28,stimuli/filler47.jpg,filler,FALSE,None
102,29,stimuli/filler40.jpg,filler,FALSE,None
102,30,stimuli/blank.jpg,blank,FALSE,None
102,31,stimuli/cs1_neg19.jpg,CSUS,FALSE,None
102,32,stimuli/blank.jpg,blank,FALSE,None
102,33,stimuli/filler34.jpg,filler,FALSE,None
102,34,stimuli/filler24.jpg,filler,FALSE,None
102,35,stimuli/filler44.jpg,filler,FALSE,None
102,36,stimuli/filler4.jpg,filler,FALSE,None
102,37,stimuli/target1_3.jpg,target,TRUE,space
102,38,stimuli/filler18.jpg,filler,FALSE,None
102,39,stimuli/filler19.jpg,filler,FALSE,None
102,40,stimuli/blank.jpg,blank,FALSE,None
102,41,stimuli/cs2_pos10.jpg,CSUS,FALSE,None
102,42,stimuli/blank.jpg,blank,FALSE,None
102,43,stimuli/filler22.jpg,filler,FALSE,None
102,44,stimuli/filler50.jpg,filler,FALSE,None
102,45,stimuli/filler45.jpg,filler,FALSE,None
102,46,stimuli/filler17.jpg,filler,FALSE,None
102,47,stimuli/filler1.jpg,filler,FALSE,None
102,48,stimuli/filler11.jpg,filler,FALSE,None
102,49,stimuli/filler7.jpg,filler,FALSE,None
102,50,stimuli/blank.jpg,blank,FALSE,None
102,51,stimuli/cs1_neg20.jpg,CSUS,FALSE,None
102,52,stimuli/blank.jpg,blank,FALSE,None
102,53,stimuli/target1_8.jpg,target,TRUE,space
102,54,stimuli/filler38.jpg,filler,FALSE,None
102,55,stimuli/filler9.jpg,filler,FALSE,None
102,56,stimuli/filler8.jpg,filler,FALSE,None
102,57,stimuli/target1_1.jpg,target,TRUE,space
102,58,stimuli/filler27.jpg,filler,FALSE,None
102,59,stimuli/filler37.jpg,filler,FALSE,None
102,60,stimuli/blank.jpg,blank,FALSE,None
102,61,stimuli/cs2_pos7.jpg,CSUS,FALSE,None
102,62,stimuli/blank.jpg,blank,FALSE,None
102,63,stimuli/target1_4.jpg,target,TRUE,space
102,64,stimuli/filler35.jpg,filler,FALSE,None
102,65,stimuli/filler3.jpg,filler,FALSE,None
102,66,stimuli/filler28.jpg,filler,FALSE,None
102,67,stimuli/filler25.jpg,filler,FALSE,None
102,68,stimuli/filler51.jpg,filler,FALSE,None
102,69,stimuli/target1_5.jpg,target,TRUE,space
102,70,stimuli/blank.jpg,blank,FALSE,None
102,71,stimuli/cs1_neg7.jpg,CSUS,FALSE,None
102,72,stimuli/blank.jpg,blank,FALSE,None
102,73,stimuli/filler12.jpg,filler,FALSE,None
102,74,stimuli/target1_7.jpg,target,TRUE,space
102,75,stimuli/filler29.jpg,filler,FALSE,None
102,76,stimuli/filler23.jpg,filler,FALSE,None
102,77,stimuli/filler15.jpg,filler,FALSE,None
102,78,stimuli/target1_9.jpg,target,TRUE,space
102,79,stimuli/filler31.jpg,filler,FALSE,None
102,80,stimuli/blank.jpg,blank,FALSE,None
102,81,stimuli/cs2_pos8.jpg,CSUS,FALSE,None
102,82,stimuli/blank.jpg,blank,FALSE,None
102,83,stimuli/filler26.jpg,filler,FALSE,None
102,84,stimuli/filler41.jpg,filler,FALSE,None
102,85,stimuli/filler48.jpg,filler,FALSE,None
102,86,stimuli/filler39.jpg,filler,FALSE,None
