participant,trial_number,stimulus,trial_type,target_trial,surveillance_correct_response
114,1,stimuli/filler6.jpg,filler,FALSE,None
114,2,stimuli/target4_5.jpg,target,TRUE,space
114,3,stimuli/filler19.jpg,filler,FALSE,None
114,4,stimuli/filler46.jpg,filler,FALSE,None
114,5,stimuli/filler3.jpg,filler,FALSE,None
114,6,stimuli/target4_9.jpg,target,TRUE,space
114,7,stimuli/filler30.jpg,filler,FALSE,None
114,8,stimuli/filler33.jpg,filler,FALSE,None
114,9,stimuli/filler52.jpg,filler,FALSE,None
114,10,stimuli/blank.jpg,blank,FALSE,None
114,11,stimuli/cs1_pos5.jpg,CSUS,FALSE,None
114,12,stimuli/blank.jpg,blank,FALSE,None
114,13,stimuli/filler29.jpg,filler,FALSE,None
114,14,stimuli/filler27.jpg,filler,FALSE,None
114,15,stimuli/target4_10.jpg,target,TRUE,space
114,16,stimuli/target4_4.jpg,target,TRUE,space
114,17,stimuli/filler40.jpg,filler,FALSE,None
114,18,stimuli/filler37.jpg,filler,FALSE,None
114,19,stimuli/filler24.jpg,filler,FALSE,None
114,20,stimuli/blank.jpg,blank,FALSE,None
114,21,stimuli/cs2_neg4.jpg,CSUS,FALSE,None
114,22,stimuli/blank.jpg,blank,FALSE,None
114,23,stimuli/filler51.jpg,filler,FALSE,None
114,24,stimuli/target4_2.jpg,target,TRUE,space
114,25,stimuli/filler25.jpg,filler,FALSE,None
114,26,stimuli/filler14.jpg,filler,FALSE,None
114,27,stimuli/filler48.jpg,filler,FALSE,None
114,28,stimuli/filler47.jpg,filler,FALSE,None
114,29,stimuli/filler10.jpg,filler,FALSE,None
114,30,stimuli/blank.jpg,blank,FALSE,None
114,31,stimuli/cs1_pos6.jpg,CSUS,FALSE,None
114,32,stimuli/blank.jpg,blank,FALSE,None
114,33,stimuli/filler11.jpg,filler,FALSE,None
114,34,stimuli/filler15.jpg,filler,FALSE,None
114,35,stimuli/filler28.jpg,filler,FALSE,None
114,36,stimuli/filler41.jpg,filler,FALSE,None
114,37,stimuli/target4_6.jpg,target,TRUE,space
114,38,stimuli/filler42.jpg,filler,FALSE,None
114,39,stimuli/filler17.jpg,filler,FALSE,None
114,40,stimuli/blank.jpg,blank,FALSE,None
114,41,stimuli/cs2_neg7.jpg,CSUS,FALSE,None
114,42,stimuli/blank.jpg,blank,FALSE,None
114,43,stimuli/filler5.jpg,filler,FALSE,None
114,44,stimuli/filler32.jpg,filler,FALSE,None
114,45,stimuli/filler12.jpg,filler,FALSE,None
114,46,stimuli/filler4.jpg,filler,FALSE,None
114,47,stimuli/filler1.jpg,filler,FALSE,None
114,48,stimuli/filler8.jpg,filler,FALSE,None
114,49,stimuli/filler9.jpg,filler,FALSE,None
114,50,stimuli/blank.jpg,blank,FALSE,None
114,51,stimuli/cs1_pos3.jpg,CSUS,FALSE,None
114,52,stimuli/blank.jpg,blank,FALSE,None
114,53,stimuli/filler22.jpg,filler,FALSE,None
114,54,stimuli/filler45.jpg,filler,FALSE,None
114,55,stimuli/target4_7.jpg,target,TRUE,space
114,56,stimuli/target4_1.jpg,target,TRUE,space
114,57,stimuli/filler26.jpg,filler,FALSE,None
114,58,stimuli/filler43.jpg,filler,FALSE,None
114,59,stimuli/filler49.jpg,filler,FALSE,None
114,60,stimuli/blank.jpg,blank,FALSE,None
114,61,stimuli/cs2_neg13.jpg,CSUS,FALSE,None
114,62,stimuli/blank.jpg,blank,FALSE,None
114,63,stimuli/filler50.jpg,filler,FALSE,None
114,64,stimuli/filler23.jpg,filler,FALSE,None
114,65,stimuli/filler13.jpg,filler,FALSE,None
114,66,stimuli/filler38.jpg,filler,FALSE,None
114,67,stimuli/target4_3.jpg,target,TRUE,space
114,68,stimuli/filler18.jpg,filler,FALSE,None
114,69,stimuli/filler7.jpg,filler,FALSE,None
114,70,stimuli/blank.jpg,blank,FALSE,None
114,71,stimuli/cs1_pos8.jpg,CSUS,FALSE,None
114,72,stimuli/blank.jpg,blank,FALSE,None
114,73,stimuli/filler16.jpg,filler,FALSE,None
114,74,stimuli/filler2.jpg,filler,FALSE,None
114,75,stimuli/filler21.jpg,filler,FALSE,None
114,76,stimuli/filler36.jpg,filler,FALSE,None
114,77,stimuli/filler20.jpg,filler,FALSE,None
114,78,stimuli/filler31.jpg,filler,FALSE,None
114,79,stimuli/filler34.jpg,filler,FALSE,None
114,80,stimuli/blank.jpg,blank,FALSE,None
114,81,stimuli/cs2_neg10.jpg,CSUS,FALSE,None
114,82,stimuli/blank.jpg,blank,FALSE,None
114,83,stimuli/filler44.jpg,filler,FALSE,None
114,84,stimuli/filler35.jpg,filler,FALSE,None
114,85,stimuli/target4_8.jpg,target,TRUE,space
114,86,stimuli/filler39.jpg,filler,FALSE,None
