participant,trial_number,stimulus,trial_type,target_trial,surveillance_correct_response
107,1,stimuli/filler18.jpg,filler,FALSE,None
107,2,stimuli/filler14.jpg,filler,FALSE,None
107,3,stimuli/filler12.jpg,filler,FALSE,None
107,4,stimuli/filler44.jpg,filler,FALSE,None
107,5,stimuli/target2_3.jpg,target,TRUE,space
107,6,stimuli/filler30.jpg,filler,FALSE,None
107,7,stimuli/filler50.jpg,filler,FALSE,None
107,8,stimuli/filler4.jpg,filler,FALSE,None
107,9,stimuli/target2_4.jpg,target,TRUE,space
107,10,stimuli/blank.jpg,blank,FALSE,None
107,11,stimuli/cs1_neg6.jpg,CSUS,FALSE,None
107,12,stimuli/blank.jpg,blank,FALSE,None
107,13,stimuli/filler3.jpg,filler,FALSE,None
107,14,stimuli/filler46.jpg,filler,FALSE,None
107,15,stimuli/target2_8.jpg,target,TRUE,space
107,16,stimuli/filler27.jpg,filler,FALSE,None
107,17,stimuli/target2_6.jpg,target,TRUE,space
107,18,stimuli/filler9.jpg,filler,FALSE,None
107,19,stimuli/filler32.jpg,filler,FALSE,None
107,20,stimuli/blank.jpg,blank,FALSE,None
107,21,stimuli/cs2_pos3.jpg,CSUS,FALSE,None
107,22,stimuli/blank.jpg,blank,FALSE,None
107,23,stimuli/target2_1.jpg,target,TRUE,space
107,24,stimuli/filler22.jpg,filler,FALSE,None
107,25,stimuli/filler7.jpg,filler,FALSE,None
107,26,stimuli/filler49.jpg,filler,FALSE,None
107,27,stimuli/filler48.jpg,filler,FALSE,None
107,28,stimuli/filler35.jpg,filler,FALSE,None
107,29,stimuli/filler43.jpg,filler,FALSE,None
107,30,stimuli/blank.jpg,blank,FALSE,None
107,31,stimuli/cs1_neg19.jpg,CSUS,FALSE,None
107,32,stimuli/blank.jpg,blank,FALSE,None
107,33,stimuli/filler38.jpg,filler,FALSE,None
107,34,stimuli/filler19.jpg,filler,FALSE,None
107,35,stimuli/target2_9.jpg,target,TRUE,space
107,36,stimuli/filler33.jpg,filler,FALSE,None
107,37,stimuli/filler11.jpg,filler,FALSE,None
107,38,stimuli/filler42.jpg,filler,FALSE,None
107,39,stimuli/target2_5.jpg,target,TRUE,space
107,40,stimuli/blank.jpg,blank,FALSE,None
107,41,stimuli/cs2_pos20.jpg,CSUS,FALSE,None
107,42,stimuli/blank.jpg,blank,FALSE,None
107,43,stimuli/filler6.jpg,filler,FALSE,None
107,44,stimuli/filler10.jpg,filler,FALSE,None
107,45,stimuli/filler45.jpg,filler,FALSE,None
107,46,stimuli/filler51.jpg,filler,FALSE,None
107,47,stimuli/filler23.jpg,filler,FALSE,None
107,48,stimuli/target2_7.jpg,target,TRUE,space
107,49,stimuli/filler39.jpg,filler,FALSE,None
107,50,stimuli/blank.jpg,blank,FALSE,None
107,51,stimuli/cs1_neg2.jpg,CSUS,FALSE,None
107,52,stimuli/blank.jpg,blank,FALSE,None
107,53,stimuli/filler29.jpg,filler,FALSE,None
107,54,stimuli/filler31.jpg,filler,FALSE,None
107,55,stimuli/target2_10.jpg,target,TRUE,space
107,56,stimuli/filler26.jpg,filler,FALSE,None
107,57,stimuli/filler24.jpg,filler,FALSE,None
107,58,stimuli/filler47.jpg,filler,FALSE,None
107,59,stimuli/filler21.jpg,filler,FALSE,None
107,60,stimuli/blank.jpg,blank,FALSE,None
107,61,stimuli/cs2_pos2.jpg,CSUS,FALSE,None
107,62,stimuli/blank.jpg,blank,FALSE,None
107,63,stimuli/filler40.jpg,filler,FALSE,None
107,64,stimuli/filler34.jpg,filler,FALSE,None
107,65,stimuli/filler52.jpg,filler,FALSE,None
107,66,stimuli/filler8.jpg,filler,FALSE,None
107,67,stimuli/filler20.jpg,filler,FALSE,None
107,68,stimuli/target2_2.jpg,target,TRUE,space
107,69,stimuli/filler2.jpg,filler,FALSE,None
107,70,stimuli/blank.jpg,blank,FALSE,None
107,71,stimuli/cs1_neg4.jpg,CSUS,FALSE,None
107,72,stimuli/blank.jpg,blank,FALSE,None
107,73,stimuli/filler5.jpg,filler,FALSE,None
107,74,stimuli/filler16.jpg,filler,FALSE,None
107,75,stimuli/filler15.jpg,filler,FALSE,None
107,76,stimuli/filler37.jpg,filler,FALSE,None
107,77,stimuli/filler1.jpg,filler,FALSE,None
107,78,stimuli/filler17.jpg,filler,FALSE,None
107,79,stimuli/filler41.jpg,filler,FALSE,None
107,80,stimuli/blank.jpg,blank,FALSE,None
107,81,stimuli/cs2_pos19.jpg,CSUS,FALSE,None
107,82,stimuli/blank.jpg,blank,FALSE,None
107,83,stimuli/filler28.jpg,filler,FALSE,None
107,84,stimuli/filler25.jpg,filler,FALSE,None
107,85,stimuli/filler36.jpg,filler,FALSE,None
107,86,stimuli/filler13.jpg,filler,FALSE,None
