participant,trial_number,stimulus,trial_type,target_trial,surveillance_correct_response
117,1,stimuli/filler50.jpg,filler,FALSE,None
117,2,stimuli/target2_3.jpg,target,TRUE,space
117,3,stimuli/filler17.jpg,filler,FALSE,None
117,4,stimuli/filler31.jpg,filler,FALSE,None
117,5,stimuli/filler32.jpg,filler,FALSE,None
117,6,stimuli/filler13.jpg,filler,FALSE,None
117,7,stimuli/target2_4.jpg,target,TRUE,space
117,8,stimuli/filler1.jpg,filler,FALSE,None
117,9,stimuli/target2_10.jpg,target,TRUE,space
117,10,stimuli/blank.jpg,blank,FALSE,None
117,11,stimuli/cs1_pos19.jpg,CSUS,FALSE,None
117,12,stimuli/blank.jpg,blank,FALSE,None
117,13,stimuli/filler51.jpg,filler,FALSE,None
117,14,stimuli/filler10.jpg,filler,FALSE,None
117,15,stimuli/filler3.jpg,filler,FALSE,None
117,16,stimuli/filler44.jpg,filler,FALSE,None
117,17,stimuli/filler18.jpg,filler,FALSE,None
117,18,stimuli/filler33.jpg,filler,FALSE,None
117,19,stimuli/filler30.jpg,filler,FALSE,None
117,20,stimuli/blank.jpg,blank,FALSE,None
117,21,stimuli/cs2_neg11.jpg,CSUS,FALSE,None
117,22,stimuli/blank.jpg,blank,FALSE,None
117,23,stimuli/filler23.jpg,filler,FALSE,None
117,24,stimuli/target2_2.jpg,target,TRUE,space
117,25,stimuli/filler46.jpg,filler,FALSE,None
117,26,stimuli/filler37.jpg,filler,FALSE,None
117,27,stimuli/filler19.jpg,filler,FALSE,None
117,28,stimuli/filler22.jpg,filler,FALSE,None
117,29,stimuli/filler45.jpg,filler,FALSE,None
117,30,stimuli/blank.jpg,blank,FALSE,None
117,31,stimuli/cs1_pos10.jpg,CSUS,FALSE,None
117,32,stimuli/blank.jpg,blank,FALSE,None
117,33,stimuli/filler14.jpg,filler,FALSE,None
117,34,stimuli/filler48.jpg,filler,FALSE,None
117,35,stimuli/filler34.jpg,filler,FALSE,None
117,36,stimuli/filler42.jpg,filler,FALSE,None
117,37,stimuli/filler16.jpg,filler,FALSE,None
117,38,stimuli/filler8.jpg,filler,FALSE,None
117,39,stimuli/filler29.jpg,filler,FALSE,None
117,40,stimuli/blank.jpg,blank,FALSE,None
117,41,stimuli/cs2_neg17.jpg,CSUS,FALSE,None
117,42,stimuli/blank.jpg,blank,FALSE,None
117,43,stimuli/filler52.jpg,filler,FALSE,None
117,44,stimuli/target2_8.jpg,target,TRUE,space
117,45,stimuli/filler28.jpg,filler,FALSE,None
117,46,stimuli/filler40.jpg,filler,FALSE,None
117,47,stimuli/filler39.jpg,filler,FALSE,None
117,48,stimuli/filler25.jpg,filler,FALSE,None
117,49,stimuli/filler43.jpg,filler,FALSE,None
117,50,stimuli/blank.jpg,blank,FALSE,None
117,51,stimuli/cs1_pos4.jpg,CSUS,FALSE,None
117,52,stimuli/blank.jpg,blank,FALSE,None
117,53,stimuli/filler38.jpg,filler,FALSE,None
117,54,stimuli/target2_1.jpg,target,TRUE,space
117,55,stimuli/target2_9.jpg,target,TRUE,space
117,56,stimuli/filler36.jpg,filler,FALSE,None
117,57,stimuli/target2_7.jpg,target,TRUE,space
117,58,stimuli/filler21.jpg,filler,FALSE,None
117,59,stimuli/filler11.jpg,filler,FALSE,None
117,60,stimuli/blank.jpg,blank,FALSE,None
117,61,stimuli/cs2_neg5.jpg,CSUS,FALSE,None
117,62,stimuli/blank.jpg,blank,FALSE,None
117,63,stimuli/filler12.jpg,filler,FALSE,None
117,64,stimuli/filler15.jpg,filler,FALSE,None
117,65,stimuli/filler26.jpg,filler,FALSE,None
117,66,stimuli/filler24.jpg,filler,FALSE,None
117,67,stimuli/filler6.jpg,filler,FALSE,None
117,68,stimuli/filler47.jpg,filler,FALSE,None
117,69,stimuli/target2_5.jpg,target,TRUE,space
117,70,stimuli/blank.jpg,blank,FALSE,None
117,71,stimuli/cs1_pos16.jpg,CSUS,FALSE,None
117,72,stimuli/blank.jpg,blank,FALSE,None
117,73,stimuli/filler4.jpg,filler,FALSE,None
117,74,stimuli/filler7.jpg,filler,FALSE,None
117,75,stimuli/filler2.jpg,filler,FALSE,None
117,76,stimuli/target2_6.jpg,target,TRUE,space
117,77,stimuli/filler20.jpg,filler,FALSE,None
117,78,stimuli/filler35.jpg,filler,FALSE,None
117,79,stimuli/filler49.jpg,filler,FALSE,None
117,80,stimuli/blank.jpg,blank,FALSE,None
117,81,stimuli/cs2_neg2.jpg,CSUS,FALSE,None
117,82,stimuli/blank.jpg,blank,FALSE,None
117,83,stimuli/filler9.jpg,filler,FALSE,None
117,84,stimuli/filler5.jpg,filler,FALSE,None
117,85,stimuli/filler41.jpg,filler,FALSE,None
117,86,stimuli/filler27.jpg,filler,FALSE,None
